City_ID,City,Country,Lat,Lng,Max Temp,Humidity,Cloudiness,Wind Speed,Current Description
0,Hamilton,US,39.1834,-84.5333,55.4,91,90,1.01,overcast clouds
1,Broome,US,42.2506,-75.833,43.2,87,90,1.01,overcast clouds
2,Ushuaia,AR,-54.8,-68.3,33.46,80,75,11.5,light snow
3,Husavik,IS,66.0449,-17.3389,28.31,96,100,2.95,overcast clouds
4,Fallon,US,39.4735,-118.7774,52.29,75,90,0.0,overcast clouds
5,Sambava,MG,-14.2667,50.1667,77.02,87,86,4.52,overcast clouds
6,Hokitika,NZ,-42.7167,170.9667,56.25,87,100,4.43,overcast clouds
7,Jamestown,US,42.097,-79.2353,44.29,96,75,1.99,broken clouds
8,Nome,US,64.5011,-165.4064,32.07,75,1,3.44,clear sky
9,Santiago De Cao,PE,-7.9589,-79.2392,62.33,88,45,12.46,scattered clouds
10,Bengkulu,ID,-3.8004,102.2655,78.44,83,99,2.93,overcast clouds
11,Leshukonskoye,RU,64.8989,45.7622,24.21,96,100,3.58,overcast clouds
12,Rio Grande,BR,-32.035,-52.0986,57.94,89,82,13.53,broken clouds
13,Saldanha,ZA,-33.0117,17.9442,48.25,72,0,8.55,clear sky
14,Cape Town,ZA,-33.9258,18.4232,55.11,77,0,5.75,clear sky
15,Pochutla,MX,15.7432,-96.4661,74.82,89,73,3.83,broken clouds
16,Busselton,AU,-33.65,115.3333,76.05,59,100,7.87,overcast clouds
17,Rikitea,PF,-23.1203,-134.9692,75.06,79,100,19.42,overcast clouds
18,Midland,US,31.9974,-102.0779,74.68,57,1,10.36,clear sky
19,Arraial Do Cabo,BR,-22.9661,-42.0278,71.08,90,24,29.73,few clouds
20,Mount Isa,AU,-20.7333,139.5,98.37,19,40,9.22,scattered clouds
21,Alofi,NU,-19.0595,-169.9187,78.69,53,99,16.11,overcast clouds
22,Guerrero Negro,MX,27.9769,-114.0611,66.04,80,14,18.01,few clouds
23,Namalenga,TZ,-10.95,39.1,71.96,80,33,3.18,scattered clouds
24,Avarua,CK,-21.2078,-159.775,73.45,53,90,6.91,haze
25,Sardarshahr,IN,28.4333,74.4833,72.28,64,99,12.19,overcast clouds
26,Kavieng,PG,-2.5744,150.7967,85.32,69,22,11.97,few clouds
27,Hilo,US,19.7297,-155.09,78.53,75,20,5.75,few clouds
28,Nanzhang,CN,31.7765,111.8386,64.81,44,1,4.5,clear sky
29,Puerto Ayora,EC,-0.7393,-90.3518,68.86,89,73,7.63,broken clouds
30,Mar Del Plata,AR,-38.0023,-57.5575,49.87,77,0,3.0,clear sky
31,Hithadhoo,MV,-0.6,73.0833,82.98,73,99,12.41,overcast clouds
32,Yellowknife,CA,62.456,-114.3525,42.42,80,75,14.97,broken clouds
33,Faanui,PF,-16.4833,-151.75,76.28,86,87,14.07,light rain
34,Kavaratti,IN,10.5669,72.642,81.03,75,79,2.53,broken clouds
35,New Norfolk,AU,-42.7826,147.0587,55.65,56,100,3.0,overcast clouds
36,Puerto Carreno,CO,6.189,-67.4859,77.38,86,99,4.88,overcast clouds
37,Krasnyy Chikoy,RU,50.3643,108.7512,42.67,42,100,1.95,overcast clouds
38,Clyde River,CA,70.4692,-68.5914,17.01,84,92,11.56,overcast clouds
39,Kieta,PG,-6.2167,155.6333,83.79,74,20,5.5,light rain
40,Sorland,NO,67.667,12.6934,41.72,82,100,16.04,light rain
41,Pevek,RU,69.7008,170.3133,9.01,92,100,4.56,overcast clouds
42,Bosaso,SO,11.2842,49.1816,79.34,59,75,3.09,broken clouds
43,Ribeira Grande,PT,38.5167,-28.7,67.24,59,69,10.56,broken clouds
44,Praia Da Vitoria,PT,38.7333,-27.0667,64.76,88,75,9.78,broken clouds
45,Palasa,IN,18.7667,84.4167,80.92,61,88,3.65,overcast clouds
46,Mataura,NZ,-46.1927,168.8643,60.69,73,99,4.97,overcast clouds
47,Minab,IR,27.1467,57.0801,76.5,14,0,4.0,clear sky
48,Ilulissat,GL,69.2167,-51.1,13.84,96,100,4.0,overcast clouds
49,Nelson Bay,AU,-32.7167,152.15,73.76,64,85,3.0,overcast clouds
50,Zhangye,CN,38.9342,100.4517,52.72,40,68,10.89,broken clouds
51,Tiksi,RU,71.6872,128.8694,3.87,93,100,10.67,overcast clouds
52,Isangel,VU,-19.55,169.2667,80.71,78,75,16.11,broken clouds
53,Punta Arenas,CL,-53.15,-70.9167,37.51,87,20,25.32,light rain
54,Nikolskoye,RU,59.7035,30.7861,34.39,92,66,7.87,broken clouds
55,Caravelas,BR,-17.7125,-39.2481,73.36,94,85,2.98,overcast clouds
56,Vestmanna,FO,62.1564,-7.1664,45.52,100,90,12.66,mist
57,Saint-Philippe,RE,-21.3585,55.7679,79.48,81,41,13.87,scattered clouds
58,Bolgatanga,GH,10.7856,-0.8514,75.18,87,28,3.15,scattered clouds
59,Sistranda,NO,63.7256,8.834,40.96,82,100,16.15,overcast clouds
60,Souillac,MU,-20.5167,57.5167,78.37,78,40,10.36,scattered clouds
61,Port Alfred,ZA,-33.5906,26.891,56.84,71,38,12.77,scattered clouds
62,State College,US,40.7934,-77.86,41.94,94,40,0.0,scattered clouds
63,Thinadhoo,MV,0.5333,72.9333,83.3,72,67,12.86,broken clouds
64,Usinsk,RU,65.9939,57.5281,16.79,95,14,8.81,few clouds
65,Kapaa,US,22.0752,-159.319,77.32,84,75,1.01,broken clouds
66,Ilheus,BR,-14.7889,-39.0494,72.79,94,99,1.86,overcast clouds
67,Bluff,NZ,-46.6,168.3333,51.8,95,100,8.12,moderate rain
68,Lagoa,PT,39.05,-27.9833,66.58,58,65,11.23,broken clouds
69,Thompson,CA,55.7435,-97.8558,23.16,93,1,2.3,clear sky
70,Atuona,PF,-9.8,-139.0333,78.33,77,18,18.99,few clouds
71,Saskylakh,RU,71.9167,114.0833,6.53,94,100,13.02,overcast clouds
72,Wajir,KE,1.7471,40.0573,76.96,69,0,0.0,clear sky
73,Khatanga,RU,71.9667,102.5,6.06,91,93,16.55,overcast clouds
74,Hermanus,ZA,-34.4187,19.2345,54.9,73,21,6.08,few clouds
75,Iwanai,JP,42.9744,140.5089,58.6,59,18,14.29,few clouds
76,Longyearbyen,SJ,78.2186,15.6401,15.66,84,25,3.29,scattered clouds
77,Hobart,AU,-42.8794,147.3294,56.01,65,75,1.99,broken clouds
78,Moindou,NC,-21.6924,165.677,78.75,67,13,11.39,few clouds
79,Chuy,UY,-33.6971,-53.4616,53.42,95,36,7.67,scattered clouds
80,Ponta Do Sol,PT,32.6667,-17.1,70.43,66,17,6.17,few clouds
81,San Patricio,US,28.017,-97.5169,80.46,73,3,8.97,clear sky
82,Flinders,AU,-34.5833,150.8552,72.81,55,27,11.14,scattered clouds
83,Vaini,TO,-21.2,-175.2,77.16,78,20,10.36,few clouds
84,Victoria,HK,22.2855,114.1577,78.04,69,10,1.99,clear sky
85,Lunglei,IN,22.8833,92.7333,79.57,49,8,1.88,clear sky
86,Inhambane,MZ,-23.865,35.3833,75.18,88,75,9.22,broken clouds
87,Khanpur,PK,28.6453,70.6567,74.73,58,0,20.07,clear sky
88,Padang,ID,-0.9492,100.3543,82.45,79,79,5.91,broken clouds
89,Alyangula,AU,-13.8483,136.4192,87.67,70,40,8.05,scattered clouds
90,Qaanaaq,GL,77.484,-69.3632,-1.68,58,0,7.81,clear sky
91,Viedma,AR,-40.8135,-62.9967,45.66,29,1,11.16,clear sky
92,Chokurdakh,RU,70.6333,147.9167,-2.38,97,98,4.79,overcast clouds
93,Castro,BR,-24.7911,-50.0119,58.53,96,100,4.9,light rain
94,Barrow,US,71.2906,-156.7887,30.22,80,90,14.97,overcast clouds
95,Muros,ES,42.7762,-9.0603,57.83,96,2,6.85,clear sky
96,Vila Franca Do Campo,PT,37.7167,-25.4333,64.81,83,87,6.31,overcast clouds
97,Sitka,US,57.0531,-135.33,46.29,71,90,9.22,light rain
98,Albany,US,42.6001,-73.9662,47.8,81,51,5.97,broken clouds
99,Adrar,MR,20.5022,-10.0711,78.66,15,51,8.5,broken clouds
100,Turukhansk,RU,65.8167,87.9833,32.22,99,100,10.92,snow
101,Zeya,RU,53.75,127.2667,46.15,57,22,2.82,few clouds
102,Omboue,GA,-1.5746,9.2618,75.0,91,100,3.0,light rain
103,Korla,CN,41.7597,86.1469,53.44,32,40,4.54,scattered clouds
104,Koplik,AL,42.2136,19.4364,56.8,76,100,3.49,overcast clouds
105,Aksay,RU,47.26,39.87,52.25,78,100,1.99,overcast clouds
106,Geraldton,AU,-28.7667,114.6,82.81,39,0,12.66,clear sky
107,Port Hardy,CA,50.6996,-127.4199,50.0,100,20,2.3,few clouds
108,San Pedro,PH,14.35,121.0167,79.11,87,75,4.61,light rain
109,Katsuura,JP,35.1333,140.3,64.44,51,21,5.97,few clouds
110,Touros,BR,-5.1989,-35.4608,81.5,80,63,11.79,broken clouds
111,Krasnyy Kut,RU,50.95,46.9667,46.9,82,100,7.99,overcast clouds
112,Ulladulla,AU,-35.35,150.4667,74.77,50,45,10.25,scattered clouds
113,Abu Samrah,SY,35.3029,37.1841,61.18,71,0,5.17,clear sky
114,Lebu,CL,-37.6167,-73.65,48.54,93,14,5.01,few clouds
115,Torbay,CA,47.6666,-52.7314,58.75,97,90,11.5,very heavy rain
116,Saint-Augustin,CA,51.226,-58.6502,40.8,93,100,10.94,overcast clouds
117,Forestville,US,38.8451,-76.875,55.98,82,1,8.05,clear sky
118,Acara,BR,-1.9608,-48.1967,73.9,98,95,2.35,overcast clouds
119,Nizwa,OM,22.9333,57.5333,77.45,53,0,2.06,clear sky
120,Edd,ER,13.9297,41.6925,84.87,58,2,9.37,clear sky
121,Adjumani,UG,3.3779,31.7909,65.48,91,5,0.92,clear sky
122,Kabakovo,RU,54.5369,56.1517,44.89,93,90,6.71,light intensity shower rain
123,Puerto Escondido,MX,15.85,-97.0667,78.04,83,80,3.02,broken clouds
124,Grado,ES,43.388,-6.0743,53.67,94,0,5.75,clear sky
125,Kattivakkam,IN,13.2167,80.3167,87.89,64,100,1.1,overcast clouds
126,Breves,BR,-1.6822,-50.4803,75.04,87,98,3.58,overcast clouds
127,Falmouth,GB,50.1544,-5.0711,54.86,90,96,19.06,overcast clouds
128,Zonguldak,TR,41.25,31.8333,47.79,76,21,4.43,few clouds
129,Guider,CM,9.9342,13.9486,76.66,71,19,3.78,few clouds
130,La Libertad,EC,-2.2333,-80.9,70.43,85,100,8.19,overcast clouds
131,Cidreira,BR,-30.1811,-50.2056,64.0,95,99,13.44,overcast clouds
132,Sobolevo,RU,54.4299,31.8996,36.5,92,100,11.63,overcast clouds
133,Baoqing,CN,46.3317,132.2111,58.3,28,0,10.0,clear sky
134,Tromso,NO,69.6496,18.957,32.38,80,40,5.75,scattered clouds
135,Kostrzyn,PL,52.3985,17.2281,35.67,92,33,5.03,scattered clouds
136,Bethel,US,41.3712,-73.414,53.01,85,90,4.61,overcast clouds
137,Verkhnevilyuysk,RU,63.4453,120.3167,33.15,76,99,9.46,overcast clouds
138,Ouro Preto Do Oeste,BR,-10.7481,-62.2158,78.37,68,12,4.99,few clouds
139,Manono,CD,-7.3,27.4167,70.36,86,83,2.68,broken clouds
140,Bodden Town,KY,19.2833,-81.25,82.4,87,40,10.36,scattered clouds
141,Mount Gambier,AU,-37.8333,140.7667,58.91,58,75,17.27,broken clouds
142,Georgetown,MY,5.4112,100.3354,87.89,74,40,0.0,scattered clouds
143,Jijiga,ET,9.35,42.8,61.57,41,3,8.48,clear sky
144,Esperance,AU,-33.8667,121.9,78.64,39,16,10.2,few clouds
145,Aktau,KZ,43.65,51.2,41.58,41,90,10.56,overcast clouds
146,Iqaluit,CA,63.7506,-68.5145,29.93,86,90,15.01,light intensity drizzle
147,Hofn,IS,64.2539,-15.2082,44.91,73,100,3.09,overcast clouds
148,Dingle,PH,10.9995,122.6711,85.96,71,75,4.23,broken clouds
149,Dikson,RU,73.5069,80.5464,8.69,86,100,16.26,overcast clouds
150,Eureka,US,40.8021,-124.1637,59.36,79,100,1.99,overcast clouds
151,Dustlik,UZ,40.5247,68.0358,50.94,30,0,2.44,clear sky
152,Bredasdorp,ZA,-34.5322,20.0403,48.27,87,76,3.44,broken clouds
153,Bambous Virieux,MU,-20.3428,57.7575,78.22,78,40,10.36,scattered clouds
154,Tuatapere,NZ,-46.1333,167.6833,54.45,95,100,1.99,overcast clouds
155,Mahebourg,MU,-20.4081,57.7,78.26,78,40,10.36,scattered clouds
156,Luderitz,NA,-26.6481,15.1594,56.23,68,0,13.27,clear sky
157,Along,IN,28.1667,94.7667,79.74,48,29,1.03,scattered clouds
158,Skjervoy,NO,70.0311,20.9714,40.28,48,94,14.72,overcast clouds
159,Labuhan,ID,-6.8844,112.2051,89.55,58,59,5.35,broken clouds
160,Marsh Harbour,BS,26.5412,-77.0636,80.4,73,59,11.83,broken clouds
161,Doraha,IN,30.8167,76.0167,68.97,64,100,7.2,overcast clouds
162,Tasiilaq,GL,65.6145,-37.6368,28.99,97,100,5.32,snow
163,Dawlatabad,AF,36.4141,64.9053,52.63,34,0,3.36,clear sky
164,Byron Bay,AU,-28.65,153.6167,89.87,64,60,12.39,broken clouds
165,Lima,PE,-12.0432,-77.0282,60.91,80,20,14.97,few clouds
166,Lavrentiya,RU,65.5833,-171.0,23.7,82,100,9.98,overcast clouds
167,Alampur,IN,15.8833,78.15,75.0,83,100,1.21,overcast clouds
168,Broken Hill,AU,-31.95,141.4333,67.71,28,0,10.36,clear sky
169,Havelock,US,34.8791,-76.9013,62.94,92,0,3.38,clear sky
170,Kodiak,US,57.79,-152.4072,42.1,92,98,27.13,moderate rain
171,Dzaoudzi,YT,-12.7887,45.2699,80.49,83,75,6.91,broken clouds
172,Rawson,AR,-43.3002,-65.1023,54.81,34,1,19.84,clear sky
173,Kirksville,US,40.1948,-92.5833,53.11,69,75,5.01,broken clouds
174,Kuminskiy,RU,58.6667,66.5667,39.83,88,7,9.8,clear sky
175,Havoysund,NO,70.9963,24.6622,32.88,61,95,14.99,overcast clouds
176,Kutum,SD,14.2,24.6667,70.75,29,41,11.54,scattered clouds
177,Upernavik,GL,72.7868,-56.1549,20.66,89,100,15.41,light snow
178,Alta Floresta,BR,-9.8756,-56.0861,72.63,87,23,3.83,few clouds
179,Anadyr,RU,64.75,177.4833,-3.5,83,40,8.95,scattered clouds
180,Hay River,CA,60.8156,-115.7999,40.98,87,75,9.22,light rain
181,Muzhi,RU,65.3667,64.6667,27.36,78,9,15.19,clear sky
182,East London,ZA,-33.0153,27.9116,59.0,65,30,13.78,scattered clouds
183,Dinard,FR,48.6314,-2.0614,52.68,72,0,9.22,clear sky
184,Ballina,AU,-28.8667,153.5667,87.84,34,87,13.8,overcast clouds
185,Praia,CV,14.9215,-23.5087,77.54,78,20,16.11,few clouds
186,Burns Lake,CA,54.2331,-125.7533,26.02,91,4,0.67,clear sky
187,Pangnirtung,CA,66.1451,-65.7125,22.8,85,99,5.95,overcast clouds
188,Krasnoselkup,RU,65.7,82.4667,32.76,98,100,14.99,light snow
189,Luwuk,ID,-0.9516,122.7875,87.84,56,47,3.96,scattered clouds
190,Stroby Egede,DK,55.4138,12.245,48.92,79,99,9.66,overcast clouds
191,Cabo San Lucas,MX,22.8909,-109.9124,80.51,72,5,11.3,clear sky
192,Gorin,RU,51.1983,136.6669,49.03,56,0,4.63,clear sky
193,Kaitangata,NZ,-46.2817,169.8464,57.47,74,84,5.7,light rain
194,Tuktoyaktuk,CA,69.4541,-133.0374,28.4,93,90,4.61,overcast clouds
195,Port Moresby,PG,-9.4431,147.1797,89.02,66,40,17.27,haze
196,Maceio,BR,-9.6658,-35.7353,80.04,94,75,5.75,broken clouds
197,Alcantara,BR,-2.4089,-44.4147,80.8,89,34,7.07,scattered clouds
198,Lasa,IT,46.6166,10.7002,47.66,44,1,1.14,clear sky
199,Azul,AR,-36.777,-59.8585,40.05,87,0,3.0,clear sky
200,Kailua,US,21.4022,-157.7394,82.38,69,1,8.05,clear sky
201,Owando,CG,-0.4819,15.8999,69.19,99,51,2.66,broken clouds
202,Bar Harbor,US,44.3876,-68.2039,45.61,72,1,11.01,clear sky
203,Talnakh,RU,69.4865,88.3972,23.0,90,100,5.3,overcast clouds
204,Grand-Santi,GF,4.25,-54.3833,73.4,98,100,2.17,overcast clouds
205,Vestmannaeyjar,IS,63.4427,-20.2734,47.43,81,100,16.06,overcast clouds
206,Kanigoro,ID,-8.13,112.219,90.81,47,97,9.33,overcast clouds
207,Kahului,US,20.8947,-156.47,80.62,73,1,25.32,clear sky
208,Mwene-Ditu,CD,-7.0,23.45,67.19,84,45,4.03,scattered clouds
209,Baijiantan,CN,45.6333,85.1833,45.86,29,5,1.45,clear sky
210,Mozarlandia,BR,-14.7447,-50.5706,79.79,61,100,7.23,overcast clouds
211,Naze,JP,28.3667,129.4833,72.52,65,99,19.46,overcast clouds
212,Abu Kamal,SY,34.4506,40.9171,66.9,36,1,5.61,clear sky
213,Deputatskiy,RU,69.3,139.9,-0.15,97,100,2.95,overcast clouds
214,Leningradskiy,RU,69.3833,178.4167,10.02,95,100,8.32,overcast clouds
215,Belyy Yar,RU,53.6039,91.3903,49.89,46,0,20.13,clear sky
216,Oussouye,SN,12.485,-16.5469,78.89,83,94,1.43,overcast clouds
217,Butaritari,KI,3.0707,172.7902,81.28,71,40,6.02,scattered clouds
218,Vao,NC,-22.6667,167.4833,72.46,74,4,14.34,clear sky
219,Margate,GB,51.3813,1.3862,54.91,77,24,5.01,few clouds
220,Ola,RU,59.5833,151.2833,28.49,58,99,10.09,overcast clouds
221,Mehamn,NO,71.0357,27.8492,35.22,64,90,16.67,light snow
222,Boa Vista,BR,2.8197,-60.6733,82.38,74,20,3.44,few clouds
223,Rock Sound,BS,24.9,-76.2,80.83,76,71,8.66,broken clouds
224,Birao,CF,10.2849,22.7882,72.93,76,86,2.62,overcast clouds
225,Chiredzi,ZW,-21.05,31.6667,82.96,35,3,4.76,clear sky
226,Verkhniy Landekh,RU,56.8389,42.5994,37.47,90,100,8.7,light rain
227,Tulun,RU,54.5611,100.5792,41.11,62,99,5.41,overcast clouds
228,Lomovka,RU,53.9194,58.3672,43.72,89,99,8.28,overcast clouds
229,Puerto Maldonado,PE,-12.6,-69.1833,83.79,60,96,5.35,overcast clouds
230,Kariba,ZW,-16.5167,28.8,79.11,39,43,1.61,scattered clouds
231,Caldas Novas,BR,-17.7417,-48.625,73.58,65,5,5.26,clear sky
232,Ilhabela,BR,-23.7781,-45.3581,73.42,73,92,4.9,overcast clouds
233,Norman Wells,CA,65.282,-126.8329,28.44,86,20,2.3,few clouds
234,Yulara,AU,-25.2406,130.9889,80.44,18,27,17.27,scattered clouds
235,Lusambo,CD,-4.9667,23.45,68.72,96,100,2.37,overcast clouds
236,Tomatlan,MX,19.9333,-105.25,75.72,96,97,2.57,overcast clouds
237,Komsomolskiy,UZ,40.4272,71.7189,48.92,46,0,4.61,clear sky
238,Provideniya,RU,64.3833,-173.3,23.47,79,100,8.72,overcast clouds
239,Pionerskiy,RU,54.9508,20.2275,40.84,63,89,10.36,overcast clouds
240,Sao Felix Do Xingu,BR,-6.6447,-51.995,72.19,94,79,0.4,broken clouds
241,Sakakah,SA,29.9697,40.2064,62.17,37,0,3.96,clear sky
242,Carnarvon,AU,-24.8667,113.6333,77.07,61,0,16.11,clear sky
243,Ahipara,NZ,-35.1667,173.1667,64.42,79,18,6.98,few clouds
244,Uige,AO,-7.6087,15.0613,68.36,97,98,1.16,overcast clouds
245,Kasulu,TZ,-4.5767,30.1025,67.1,73,84,0.89,broken clouds
246,Nuuk,GL,64.1835,-51.7216,27.81,38,98,7.23,overcast clouds
247,Khromtau,KZ,50.2503,58.4347,43.39,38,4,15.26,clear sky
248,Jizan,SA,17.3333,42.6667,81.54,61,2,2.51,clear sky
249,Henties Bay,NA,-22.116,14.2845,57.85,90,42,8.25,scattered clouds
250,Port Elizabeth,ZA,-33.918,25.5701,55.69,71,0,17.27,clear sky
251,Izumo,JP,35.3667,132.7667,66.15,52,75,5.75,broken clouds
252,Fort Nelson,CA,58.8053,-122.7002,29.79,93,40,5.75,scattered clouds
253,Cayenne,GF,4.9333,-52.3333,80.1,89,75,0.0,broken clouds
254,Vila,PT,42.0304,-8.1588,46.92,74,0,2.77,clear sky
255,Santa Isabel,BR,-23.3156,-46.2214,75.65,59,100,2.62,overcast clouds
256,Samana,DO,19.2056,-69.3369,76.53,87,97,5.48,overcast clouds
257,Shenjiamen,CN,29.9576,122.298,65.5,69,99,13.71,overcast clouds
258,Staraya Toropa,RU,56.2801,31.6702,34.59,90,100,10.96,overcast clouds
259,Dong Hoi,VN,17.4833,106.6,69.26,91,100,13.71,overcast clouds
260,Avigliana,IT,45.0771,7.3986,52.52,80,0,4.76,clear sky
261,Hualmay,PE,-11.0964,-77.6139,62.42,85,37,10.25,scattered clouds
262,Benguela,AO,-12.5763,13.4055,73.76,74,100,3.87,overcast clouds
263,Maldonado,UY,-34.6667,-54.9167,56.23,89,6,5.95,clear sky
264,Agoo,PH,16.0833,120.1,81.63,75,97,10.22,overcast clouds
265,Asau,RO,46.4333,26.4,41.76,68,86,1.99,overcast clouds
266,Tazmalt,DZ,36.3868,4.3989,60.37,88,79,3.94,broken clouds
267,Bull Savanna,JM,17.8868,-77.5902,76.53,87,59,8.12,broken clouds
268,La Ronge,CA,55.1001,-105.2842,39.45,70,75,18.41,broken clouds
269,Lyuban,BY,52.7985,28.0048,38.93,73,63,14.72,broken clouds
270,Peniche,PT,39.3558,-9.3811,63.63,93,1,7.34,clear sky
271,Bumbuna,SL,9.05,-11.7333,71.24,99,100,1.57,moderate rain
272,Poplar Bluff,US,36.757,-90.3929,63.99,94,75,3.44,mist
273,Saint George,US,37.1041,-113.5841,66.94,37,1,7.0,clear sky
274,Kaputa,ZM,-8.4689,29.6619,74.7,57,59,2.01,broken clouds
275,Mao,ES,39.8885,4.2658,59.56,88,0,6.91,clear sky
276,Surok,RU,56.4469,48.1214,36.18,95,17,6.4,few clouds
277,Gonaives,HT,19.45,-72.6833,77.7,79,82,3.29,broken clouds
278,Laguna,US,38.421,-121.4238,61.25,78,90,1.01,overcast clouds
279,Kashi,CN,39.4547,75.9797,49.21,25,0,4.47,clear sky
280,Pisco,PE,-13.7,-76.2167,61.02,82,37,1.14,scattered clouds
281,Muli,MV,2.9167,73.5667,82.6,75,96,13.58,overcast clouds
282,Muyezerskiy,RU,63.9333,31.65,14.56,97,69,3.85,broken clouds
283,Nemuro,JP,43.3236,145.575,57.63,65,9,15.59,clear sky
284,Hamirpur,IN,25.95,80.15,80.46,51,0,6.26,clear sky
285,Desterro,BR,-7.2906,-37.0939,72.7,82,57,10.11,broken clouds
286,Port Hedland,AU,-20.3167,118.5667,98.65,12,21,18.41,few clouds
287,Mana,GF,5.6592,-53.7767,77.67,89,92,9.95,overcast clouds
288,Adamas,GR,36.7333,24.4333,62.02,71,16,4.81,few clouds
289,Maumere,ID,-8.6199,122.2111,86.63,62,99,2.33,overcast clouds
290,Bozhou,CN,33.8772,115.7703,63.95,43,96,5.79,overcast clouds
291,Manzhouli,CN,49.6,117.4333,47.41,39,10,6.44,clear sky
292,Pontianak,ID,-0.0333,109.3333,89.58,62,20,3.44,few clouds
293,Galveston,US,29.3669,-94.9669,73.51,94,85,15.43,overcast clouds
294,Narsaq,GL,60.9167,-46.05,28.2,51,31,3.67,scattered clouds
295,Harper,LR,4.375,-7.7169,76.84,88,84,5.5,light rain
296,Airai,TL,-8.9266,125.4092,81.72,36,33,2.13,scattered clouds
297,Pembroke,CA,45.8168,-77.1162,33.78,90,95,1.86,overcast clouds
298,Coihaique,CL,-45.5752,-72.0662,42.75,70,75,4.61,light rain
299,Xining,CN,36.6167,101.7667,47.3,60,99,2.77,overcast clouds
300,Berlevag,NO,70.8578,29.0864,36.63,64,83,21.52,broken clouds
301,Sangar,RU,63.9242,127.4739,20.62,94,100,8.14,snow
302,Kosjeric,RS,43.9961,19.9069,43.95,87,90,3.44,overcast clouds
303,Ogbomosho,NG,8.133,4.25,70.68,95,95,1.92,overcast clouds
304,Kigorobya,UG,1.6162,31.3089,65.95,88,63,2.33,broken clouds
305,Rawah,IQ,34.4816,41.9093,67.35,22,3,7.02,clear sky
306,Bayir,TR,37.2687,28.2167,45.12,66,0,4.07,clear sky
307,Akyab,MM,20.15,92.9,81.75,69,98,2.35,overcast clouds
308,Mendi,PG,-6.1761,143.6513,66.83,79,38,5.03,scattered clouds
309,Katangli,RU,51.7102,143.2326,38.62,80,65,19.77,broken clouds
310,Sao Filipe,CV,14.8961,-24.4956,78.31,66,9,9.37,clear sky
311,Constitucion,CL,-35.3333,-72.4167,49.98,86,2,10.87,clear sky
312,Svetlogorsk,BY,52.6333,29.7333,37.78,84,66,12.82,broken clouds
313,Arkhipovka,RU,56.6629,41.2543,37.87,85,98,6.2,overcast clouds
314,Qidong,CN,31.8128,121.6561,68.99,50,84,6.62,broken clouds
315,Banjar,ID,-8.19,114.9675,87.66,50,92,3.83,overcast clouds
316,Murchison,NZ,-41.8,172.3333,53.96,92,100,3.13,overcast clouds
317,Lorengau,PG,-2.0226,147.2712,84.97,70,99,9.1,overcast clouds
318,Wagar,SD,16.1525,36.2032,78.17,60,5,9.82,clear sky
319,Grasse,FR,43.6667,6.9167,56.79,73,0,3.44,clear sky
320,Udachnyy,RU,66.4167,112.4,26.87,90,100,20.0,overcast clouds
321,Aklavik,CA,68.2191,-135.0107,29.23,95,85,4.18,overcast clouds
322,Soria,ES,41.6667,-2.6667,31.91,53,50,3.06,scattered clouds
323,Nanortalik,GL,60.1432,-45.2371,35.02,66,23,23.31,few clouds
324,Santa Ines,BR,-3.6667,-45.38,74.93,92,92,3.58,overcast clouds
325,Xiaolingwei,CN,32.0333,118.85,71.85,47,94,3.89,overcast clouds
326,San Andres,CO,12.5847,-81.7006,82.42,83,40,4.61,scattered clouds
327,Bismarck,US,46.8083,-100.7837,44.2,75,90,8.99,overcast clouds
328,Dori,BF,14.0354,-0.0345,82.42,53,100,6.82,overcast clouds
329,Pingdingshan,CN,33.7385,113.3012,64.74,39,30,4.38,scattered clouds
330,Caconda,AO,-13.7333,15.0667,59.68,89,77,2.93,broken clouds
331,Busayra,JO,30.7376,35.6078,51.3,67,0,1.7,clear sky
332,Takoradi,GH,4.8845,-1.7554,76.51,88,86,2.82,overcast clouds
333,Koumac,NC,-20.5667,164.2833,76.64,68,24,7.18,few clouds
334,Roanoke Rapids,US,36.4615,-77.6542,54.34,100,1,0.0,clear sky
335,Cherskiy,RU,68.75,161.3,-7.4,100,84,4.63,broken clouds
336,Nhulunbuy,AU,-12.2333,136.7667,90.21,51,40,13.8,scattered clouds
337,Kulachi,PK,31.9286,70.4592,72.0,52,0,9.73,clear sky
338,Buin,CL,-33.7333,-70.75,61.74,47,0,5.06,clear sky
339,Grindavik,IS,63.8424,-22.4338,45.07,100,75,10.36,broken clouds
340,Ossora,RU,59.2353,163.0719,30.83,85,91,8.12,overcast clouds
341,Tilichiki,RU,60.4667,166.1,13.55,89,92,8.41,overcast clouds
342,Veraval,IN,20.9,70.3667,82.35,59,17,7.47,few clouds
343,Odweyne,SO,9.4092,45.064,71.1,37,2,9.75,clear sky
344,Hasaki,JP,35.7333,140.8333,68.29,44,16,3.56,few clouds
345,Camacha,PT,33.0833,-16.3333,67.42,56,75,10.36,broken clouds
346,Beringovskiy,RU,63.05,179.3167,11.75,75,2,8.25,clear sky
347,Swan Hill,AU,-35.3378,143.5544,69.58,23,4,15.23,clear sky
348,Sao Joao Da Barra,BR,-21.6403,-41.0511,72.05,91,8,21.43,clear sky
349,Tagusao,PH,9.1924,117.8141,81.73,71,100,0.45,light rain
350,North Bend,US,43.4065,-124.2243,54.95,97,90,6.91,overcast clouds
351,Sokoni,TZ,-6.4333,39.55,73.26,75,96,5.88,overcast clouds
352,Qaqortoq,GL,60.7167,-46.0333,32.58,63,24,5.57,few clouds
353,Jumla,NP,29.2747,82.1838,59.59,49,1,3.38,clear sky
354,Kainantu,PG,-6.2887,145.8655,77.18,49,77,6.2,broken clouds
355,Baruun-Urt,MN,46.6806,113.2792,46.87,26,4,12.33,clear sky
356,Traralgon,AU,-38.1833,146.5333,64.42,57,68,8.99,broken clouds
357,Kupang,ID,-10.1667,123.5833,90.18,66,20,9.22,few clouds
358,Fortuna,US,40.5982,-124.1573,59.09,89,90,1.01,overcast clouds
359,Dunedin,NZ,-45.8742,170.5036,58.8,78,85,10.0,overcast clouds
360,Bubaque,GW,11.2833,-15.8333,82.04,75,100,5.44,overcast clouds
361,Treinta Y Tres,UY,-33.2333,-54.3833,51.12,95,8,5.55,clear sky
362,Kedrovyy,RU,56.1667,91.8167,39.61,91,100,15.32,light rain
363,Sola,VU,-13.8833,167.55,84.87,79,75,0.0,broken clouds
364,Emerald,AU,-23.5333,148.1667,101.98,100,96,10.36,overcast clouds
365,Togur,RU,58.3631,82.8265,45.46,73,99,17.65,light rain
366,Bossangoa,CF,6.4926,17.4552,68.2,97,100,2.3,overcast clouds
367,Jieshi,CN,22.8134,115.8257,72.95,63,24,8.23,few clouds
368,Bamberg,DE,49.8795,10.8863,37.42,89,1,3.22,clear sky
369,Te Anau,NZ,-45.4167,167.7167,53.87,95,100,0.27,light rain
370,Thenzawl,IN,23.3167,92.75,72.64,47,6,0.96,clear sky
371,Lompoc,US,34.6391,-120.4579,60.57,89,1,6.91,clear sky
372,Busia,UG,0.4544,34.0758,62.91,86,54,3.83,broken clouds
373,Ancud,CL,-41.8697,-73.8203,48.42,79,87,11.1,overcast clouds
374,Vanino,RU,49.0869,140.2543,53.02,56,0,6.78,clear sky
375,Jalu,LY,29.0331,21.5482,68.18,42,24,10.56,few clouds
376,San Jeronimo,PE,-11.9472,-75.2829,54.14,70,100,3.06,overcast clouds
377,Comodoro Rivadavia,AR,-45.8667,-67.5,49.86,37,0,24.16,clear sky
378,Ambilobe,MG,-13.2,49.05,81.66,66,98,4.54,overcast clouds
379,Netivot,IL,31.4222,34.5886,66.61,71,1,2.91,clear sky
380,Peterhead,GB,57.5058,-1.7981,53.11,88,100,29.08,overcast clouds
381,Severo-Kurilsk,RU,50.6789,156.125,41.04,77,76,11.5,light rain
382,Moen,NO,69.1304,18.6123,32.45,93,90,2.3,overcast clouds
383,Starkville,US,33.4504,-88.8184,65.86,86,69,7.18,broken clouds
384,Iracoubo,GF,5.4802,-53.2011,78.55,85,92,9.95,overcast clouds
385,Fare,PF,-16.7,-151.0167,76.5,88,91,15.23,moderate rain
386,Bonthe,SL,7.5264,-12.505,75.87,92,99,3.42,light rain
387,Manggar,ID,-2.8833,108.2667,85.71,63,74,7.45,broken clouds
388,Najran,SA,17.4924,44.1277,59.65,27,8,2.93,clear sky
389,Las Tablas,PA,7.7667,-80.2833,76.17,99,100,5.46,overcast clouds
390,Ongandjera,NA,-17.8833,15.0667,58.8,31,9,2.46,clear sky
391,Barranca,PE,-10.75,-77.7667,61.86,84,59,8.7,broken clouds
392,Hailey,US,43.5196,-114.3153,42.66,70,90,5.75,overcast clouds
393,Palaikastron,GR,35.2,26.25,63.75,81,4,8.14,clear sky
394,Yeppoon,AU,-23.1333,150.7333,91.18,67,98,11.86,overcast clouds
395,Serebryansk,KZ,49.6925,83.2892,42.35,61,93,8.16,overcast clouds
396,Pastrana,PH,11.1367,124.8856,85.21,72,96,2.28,overcast clouds
397,Salalah,OM,17.0151,54.0924,77.85,58,14,2.57,few clouds
398,Howard Springs,AU,-12.497,131.047,93.97,65,55,10.87,broken clouds
399,Valleyview,CA,55.0667,-117.2859,41.04,100,100,2.3,overcast clouds
400,Asfi,MA,32.2994,-9.2372,62.6,84,4,12.28,clear sky
401,Portland,US,45.5234,-122.6762,54.95,95,75,1.01,broken clouds
402,Gimli,CA,50.6336,-96.9907,37.42,87,38,3.44,scattered clouds
403,Mazamari,PE,-11.3258,-74.5308,77.34,69,100,2.24,overcast clouds
404,Hambantota,LK,6.1241,81.1185,84.54,79,20,11.5,few clouds
405,Kifri,IQ,34.6959,44.9661,68.83,22,9,3.18,clear sky
406,Rocha,UY,-34.4833,-54.3333,50.63,94,18,6.85,few clouds
407,Calabozo,VE,8.9242,-67.4293,78.94,73,97,7.23,overcast clouds
408,Alcaniz,ES,41.05,-0.1333,53.08,58,0,1.23,clear sky
409,Olafsvik,IS,64.8945,-23.7142,44.91,84,100,11.68,overcast clouds
410,Vostok,RU,46.4856,135.8833,48.04,43,0,8.28,clear sky
411,Port Shepstone,ZA,-30.7414,30.455,62.87,60,85,17.6,overcast clouds
412,San Javier,ES,37.8063,-0.8374,61.68,82,90,4.61,overcast clouds
413,Japura,ID,-0.3167,102.35,82.94,82,78,1.21,moderate rain
414,Kruisfontein,ZA,-34.0033,24.7314,49.98,81,6,8.01,clear sky
415,Le Port,RE,-20.9373,55.2919,79.9,88,10,7.63,clear sky
416,Kawalu,ID,-7.3817,108.2082,88.74,54,84,4.59,broken clouds
417,Manavalakurichi,IN,8.1333,77.3,82.49,77,100,8.52,overcast clouds
418,Mitu,CO,1.1983,-70.1733,72.5,98,78,2.62,broken clouds
419,Bridlington,GB,54.0831,-0.1919,51.98,70,100,23.51,overcast clouds
420,Lachi,PK,33.3833,71.3386,59.54,60,13,12.37,few clouds
421,Meadow Lake,US,34.8014,-106.5436,63.88,28,98,7.0,overcast clouds
422,Gisborne,NZ,-38.6533,178.0042,61.48,68,100,5.21,overcast clouds
423,Yaan,NG,7.3833,8.5667,72.14,86,99,3.15,overcast clouds
424,Kargil,IN,34.5667,76.1,22.87,87,99,1.86,light snow
425,Hervey Bay,AU,-25.2986,152.8535,87.91,77,92,16.71,overcast clouds
426,Baykit,RU,61.67,96.37,36.81,95,100,8.88,light rain
427,Urucara,BR,-2.5364,-57.76,76.35,90,99,2.77,overcast clouds
428,Brunswick,US,41.2381,-81.8418,46.9,91,40,5.75,scattered clouds
429,Port Lavaca,US,28.615,-96.6261,77.05,89,1,12.66,clear sky
430,Arlit,NE,18.7369,7.3853,81.41,15,2,9.31,clear sky
431,Chapais,CA,49.7834,-74.8492,33.58,92,100,0.31,overcast clouds
432,Mabaruma,GY,8.2,-59.7833,73.71,98,100,4.56,overcast clouds
433,Thunder Bay,CA,48.4001,-89.3168,39.29,87,90,5.75,overcast clouds
434,Temple,US,31.0982,-97.3428,73.58,86,41,14.92,scattered clouds
435,Neuquen,AR,-38.9516,-68.0591,58.89,38,0,20.71,clear sky
436,Bathsheba,BB,13.2167,-59.5167,83.01,74,40,19.57,scattered clouds
437,Chala,TZ,-7.5833,31.2667,67.3,42,89,3.13,overcast clouds
438,Kanye,BW,-24.9667,25.3327,53.11,54,3,10.11,clear sky
439,Buraydah,SA,26.326,43.975,64.85,25,0,5.95,clear sky
440,Vangaindrano,MG,-23.35,47.6,74.35,87,22,6.76,few clouds
441,Codrington,AU,-38.2667,141.9667,54.18,62,95,15.21,overcast clouds
442,Kikwit,CD,-5.041,18.8162,69.75,99,86,2.53,light rain
443,La Grande,US,45.3246,-118.0877,51.37,80,100,7.38,overcast clouds
444,Santa Rosa,PH,14.3122,121.1114,79.86,83,100,10.89,light rain
445,Zarand,IR,30.8127,56.564,60.44,22,3,3.87,clear sky
446,Bauchi,NG,10.5,10.0,74.46,76,100,2.59,overcast clouds
447,Biltine,TD,14.5333,20.9167,80.83,20,22,14.85,few clouds
448,Kysyl-Syr,RU,63.8986,122.7617,34.11,80,98,11.54,overcast clouds
449,Obidos,BR,-1.9175,-55.5181,76.39,90,100,2.51,overcast clouds
450,Katherine,AU,-14.4667,132.2667,97.12,32,40,4.61,scattered clouds
451,Klaksvik,FO,62.2266,-6.589,47.32,92,100,13.31,overcast clouds
452,Tucumcari,US,35.1717,-103.725,64.04,24,87,9.04,overcast clouds
453,Awbari,LY,26.5921,12.7805,76.78,18,13,11.45,few clouds
454,Yerbogachen,RU,61.2767,108.0108,32.99,80,100,13.31,overcast clouds
455,Takanabe,JP,32.1333,131.5,67.89,57,78,6.96,broken clouds
456,Freeport,US,40.6576,-73.5832,55.38,74,90,1.99,overcast clouds
457,Mitsamiouli,KM,-11.3847,43.2844,77.29,83,20,3.44,few clouds
458,Nan,TH,18.8333,100.6667,77.02,78,20,1.14,few clouds
459,Lewiston,US,44.1003,-70.2148,44.38,76,90,6.91,overcast clouds
460,Qingdao,CN,36.0986,120.3719,62.2,51,92,4.47,overcast clouds
461,Olga,RU,43.7444,135.2892,60.35,32,0,6.42,clear sky
462,Jaumave,MX,23.4167,-99.3833,68.95,94,84,3.04,broken clouds
463,Oliver,CA,49.1831,-119.5524,53.85,62,55,3.44,broken clouds
464,Sibu,MY,2.3,111.8167,86.31,70,40,3.0,scattered clouds
465,Riyadh,SA,24.6877,46.7219,69.94,23,0,9.57,clear sky
466,Lingyuan,CN,41.24,119.4011,57.9,36,0,6.13,clear sky
467,Hastings,GB,50.8552,0.5729,56.91,63,13,16.58,few clouds
468,Betanzos,ES,43.2804,-8.2147,57.96,87,20,3.0,few clouds
469,Van Buren,US,35.4368,-94.3483,74.41,81,50,1.99,scattered clouds
470,Gravdal,NO,68.1214,13.5031,37.72,93,100,12.55,overcast clouds
471,Jati,PK,24.3539,68.2671,82.38,38,0,9.46,clear sky
472,Sabang,ID,5.8933,95.3214,81.72,73,100,3.91,overcast clouds
473,Severodvinsk,RU,64.5635,39.8302,24.91,78,100,10.07,light snow
474,Port-Gentil,GA,-0.7193,8.7815,77.61,84,100,6.33,overcast clouds
475,Ramanuj Ganj,IN,23.8,83.7,77.49,53,0,2.24,clear sky
476,Praya,CV,14.9215,-23.5087,77.54,78,20,16.11,few clouds
477,Moerai,PF,-22.4333,-151.3333,71.02,68,100,9.19,overcast clouds
478,Bilma,NE,18.6853,12.9164,78.78,16,30,6.71,scattered clouds
479,Stromness,GB,58.965,-3.296,55.65,88,100,14.0,light rain
480,Campo Maior,BR,-4.8278,-42.1686,77.25,84,59,3.36,broken clouds
481,Aleksandrovsk-Sakhalinskiy,RU,50.8975,142.1561,43.7,74,29,15.41,scattered clouds
482,Villa Union,MX,23.2,-106.2333,84.02,84,1,3.11,clear sky
483,Brainerd,US,46.358,-94.2008,35.26,76,31,5.79,scattered clouds
484,Ingham,US,42.6,-84.3833,39.38,95,1,0.0,clear sky
485,Ouesso,CG,1.6136,16.0517,70.7,98,100,2.35,overcast clouds
486,Atherton,GB,53.5237,-2.4935,53.15,78,98,5.01,overcast clouds
487,Vila Do Maio,CV,15.1333,-23.2167,77.79,73,5,15.39,clear sky
488,Asbestovskiy,RU,57.7557,61.3967,38.48,89,44,7.47,scattered clouds
489,Capinota,BO,-17.7167,-66.2333,71.01,49,23,2.33,few clouds
490,Makaha,US,21.4694,-158.2175,79.95,64,1,6.91,clear sky
491,Waddan,LY,29.1614,16.139,77.61,23,100,10.47,overcast clouds
492,Porto Seguro,BR,-16.4497,-39.0647,75.72,94,75,10.36,broken clouds
493,Coos Bay,US,43.3665,-124.2179,54.0,97,90,6.91,overcast clouds
494,Baturaja,ID,-4.1333,104.1667,90.45,55,80,2.62,broken clouds
495,Sinnamary,GF,5.3833,-52.95,78.44,86,90,10.11,overcast clouds
496,Tucupita,VE,9.0622,-62.051,73.26,99,94,3.4,overcast clouds
497,Payakumbuh,ID,-0.2202,100.6308,80.31,77,86,1.61,overcast clouds
498,Evensk,RU,61.95,159.2333,15.53,69,57,11.45,broken clouds
499,Nikki,BJ,9.9401,3.2108,72.97,85,95,3.0,overcast clouds
500,Asyut,EG,27.181,31.1837,60.98,67,0,9.66,clear sky
501,Matagami,CA,49.7502,-77.6328,33.91,100,75,3.44,broken clouds
502,Weiser,US,44.251,-116.9693,51.48,87,100,4.63,overcast clouds
503,Kolosovka,RU,56.4678,73.611,44.53,80,22,13.35,few clouds
504,Machiques,VE,10.0644,-72.545,75.94,84,69,5.14,broken clouds
505,Rio Gallegos,AR,-51.6226,-69.2181,37.45,56,0,16.11,clear sky
506,Karabulak,RU,43.3036,44.8964,36.16,73,8,5.39,clear sky
507,Nishihara,JP,26.1842,127.7558,78.85,63,40,11.5,scattered clouds
508,Vagay,RU,57.9375,69.0217,41.18,88,8,9.53,clear sky
509,Axim,GH,4.8699,-2.2405,76.55,88,78,1.48,broken clouds
510,Mchinji,MW,-13.7984,32.8802,71.83,46,35,7.49,scattered clouds
511,Port Lincoln,AU,-34.7333,135.8667,60.94,57,10,10.4,clear sky
512,Malaya Vishera,RU,58.8454,32.2222,34.59,94,96,8.68,light rain
513,Nara,JP,34.6851,135.8049,64.96,40,84,1.81,broken clouds
514,Morant Bay,JM,17.8815,-76.4093,83.82,84,80,9.57,broken clouds
515,Taga,RO,46.95,24.05,37.72,77,4,4.65,clear sky
516,Vardo,NO,70.3705,31.1107,37.2,64,66,24.4,light rain
517,Bonavista,CA,48.6499,-53.1147,58.12,100,100,9.51,light rain
518,Makungu,TZ,-8.7333,35.2833,61.97,84,86,0.65,overcast clouds
519,Xifeng,CN,42.7372,124.7222,56.97,46,0,12.08,clear sky
520,Ojinaga,MX,29.5667,-104.4167,76.41,28,1,6.91,clear sky
521,Rumoi,JP,43.9344,141.6428,57.6,61,30,17.11,scattered clouds
522,Mantua,IT,45.1667,10.7833,56.28,73,53,5.01,broken clouds
523,Puerto Baquerizo Moreno,EC,-0.9,-89.6,68.67,87,83,9.48,broken clouds
524,Batagay,RU,67.6333,134.6333,7.99,92,100,3.58,light snow
525,Torremolinos,ES,36.6204,-4.4998,64.63,77,40,8.05,scattered clouds
526,Sechura,PE,-5.5569,-80.8222,65.61,79,97,11.74,overcast clouds
527,Westport,US,41.1415,-73.3579,55.15,85,90,3.0,overcast clouds
528,Awjilah,LY,29.1081,21.2869,68.7,40,17,10.92,few clouds
529,Barra Patuca,HN,15.8,-84.2833,79.32,88,99,8.43,overcast clouds
530,Dhidhdhoo,MV,6.8833,73.1,81.05,79,100,9.44,overcast clouds
531,Noumea,NC,-22.2763,166.4572,78.78,67,12,14.88,few clouds
532,Ust-Nera,RU,64.5667,143.2,7.14,94,91,5.17,overcast clouds
533,Sumenep,ID,-7.0167,113.8667,89.13,59,94,7.14,overcast clouds
534,Boffa,GN,10.1667,-14.0333,74.5,93,100,2.13,light rain
535,Guanica,PR,17.9716,-66.908,79.18,78,0,1.99,clear sky
536,Youghal,IE,51.95,-7.8506,56.01,100,53,13.35,broken clouds
537,Joshimath,IN,30.5667,79.5667,62.82,36,32,4.72,scattered clouds
538,Umm Lajj,SA,25.0213,37.2685,76.12,61,0,9.22,clear sky
539,Zhanakorgan,KZ,43.9098,67.2495,53.91,32,1,4.03,clear sky
540,Gizo,SB,-8.103,156.8419,85.69,65,13,5.91,few clouds
541,Duncan,US,34.5023,-97.9578,75.25,70,40,11.5,scattered clouds
542,Northam,GB,51.0333,-4.2167,56.01,81,81,20.56,broken clouds
543,Lagunas,PE,-5.2269,-75.6753,77.25,79,22,2.26,few clouds
544,Torbat-E Jam,IR,35.244,60.6225,55.62,21,0,2.37,clear sky
545,Scarborough,GB,54.2797,-0.4044,52.09,79,100,4.0,overcast clouds
546,Balkanabat,TM,39.5108,54.3671,57.42,25,0,1.61,clear sky
547,Saint-Joseph,RE,-21.3667,55.6167,78.48,77,22,7.87,few clouds
548,Bilibino,RU,68.0546,166.4372,-11.04,100,87,2.35,overcast clouds
549,Saint-Pierre,RE,-21.3393,55.4781,79.57,77,40,6.91,scattered clouds
550,Grand Gaube,MU,-20.0064,57.6608,78.39,68,78,10.0,broken clouds
551,Yuanping,CN,38.7153,112.7575,55.51,41,47,2.39,scattered clouds
552,Mayo,US,38.8876,-76.5119,56.21,88,76,4.0,broken clouds
553,Salinas,US,36.6777,-121.6555,62.71,71,75,6.91,broken clouds
554,Killarney,IE,52.05,-9.5167,50.22,95,17,5.55,few clouds
555,Port-Cartier,CA,50.0334,-66.8654,44.82,94,100,0.98,overcast clouds
556,Dawei,MM,14.0833,98.2,86.04,64,97,6.78,overcast clouds
557,Havre-Saint-Pierre,CA,50.2334,-63.5986,46.99,100,90,6.91,overcast clouds
558,Umm Kaddadah,SD,13.6017,26.6876,79.7,23,55,20.0,broken clouds
559,Chivay,PE,-15.6383,-71.6011,50.38,26,12,5.84,few clouds
560,Thiruvananthapuram,IN,8.4833,76.9167,82.38,83,20,5.75,few clouds
561,Kharan,PK,28.5833,65.4167,62.94,13,0,2.08,clear sky
562,Quatre Cocos,MU,-20.2078,57.7625,78.1,66,87,12.73,overcast clouds
563,Vancouver,CA,49.2497,-123.1193,52.92,92,75,1.01,broken clouds
564,San Quintin,MX,30.4833,-115.95,58.44,77,5,17.25,clear sky
565,Wonthaggi,AU,-38.6044,145.5913,60.06,60,91,16.84,overcast clouds
566,Sturgis,US,41.7992,-85.4192,40.14,57,1,0.0,clear sky
567,Ishigaki,JP,24.3448,124.1572,82.53,61,75,12.66,broken clouds
568,Yenagoa,NG,4.9247,6.2642,73.0,96,88,3.18,overcast clouds
569,Esso,RU,55.9333,158.7,29.17,91,99,3.62,overcast clouds
570,Gorom-Gorom,BF,14.4439,-0.2361,83.55,52,100,6.73,overcast clouds
571,Chernyshevsk,RU,52.5243,117.0174,42.39,50,73,6.22,broken clouds
572,Mafeteng,LS,-29.823,27.2374,45.73,65,6,2.08,clear sky
573,Samarai,PG,-10.6167,150.6667,81.52,81,32,10.67,scattered clouds
574,Bambanglipuro,ID,-7.95,110.2833,86.43,63,29,9.51,scattered clouds
575,Juba,SS,4.8517,31.5825,72.5,83,5,1.74,clear sky
576,Hailar,CN,49.2,119.7,47.25,36,19,8.41,few clouds
577,Dibulla,CO,11.2725,-73.3091,78.42,88,60,8.68,broken clouds
578,Richards Bay,ZA,-28.783,32.0377,65.68,80,100,15.99,light rain
579,Zalantun,CN,48.0,122.7167,55.02,30,6,6.96,clear sky
580,Mersin,TR,36.862,34.6509,58.35,44,0,4.38,clear sky
581,Sulangan,PH,11.1373,123.7228,82.11,73,72,0.89,broken clouds
582,Abha,SA,18.2164,42.5053,53.42,32,0,0.0,clear sky
583,Prince George,CA,53.9166,-122.753,43.29,70,20,10.36,few clouds
584,Sovetskiy,RU,61.3614,63.5842,31.35,80,42,5.68,scattered clouds
585,Nyurba,RU,63.2842,118.3319,34.12,72,100,10.27,overcast clouds
586,Rantauprapat,ID,2.1,99.8333,79.5,85,96,2.06,light rain
587,Asosa,ET,10.0667,34.5333,60.6,66,14,5.82,few clouds
588,Sterling,US,39.0062,-77.4286,54.97,87,1,3.0,clear sky
589,Omsukchan,RU,62.5333,155.8,2.82,93,31,2.68,scattered clouds
590,Itatskiy,RU,56.07,89.0369,39.38,91,100,20.24,overcast clouds
591,Manbij,SY,36.5281,37.9549,50.77,34,0,6.08,clear sky
592,Candelaria,PH,13.9311,121.4233,78.39,80,100,8.19,overcast clouds
593,Kerrville,US,30.0474,-99.1403,71.94,83,1,9.22,clear sky
594,Hovd,MN,48.0056,91.6419,41.25,24,39,2.8,scattered clouds
595,Beaverlodge,CA,55.2166,-119.4361,36.75,82,100,2.77,overcast clouds
596,Mykhaylivka,UA,47.2724,35.2224,32.27,65,99,6.64,overcast clouds
597,Tigil,RU,57.8,158.6667,31.08,96,100,5.53,light snow
598,Vila Velha,BR,-20.3297,-40.2925,73.35,88,40,8.05,scattered clouds
599,Nosy Varika,MG,-20.5833,48.5333,77.49,83,37,7.74,scattered clouds
600,Chemodanovka,RU,53.2316,45.2474,39.42,39,6,6.26,clear sky
601,Flin Flon,CA,54.7682,-101.865,38.14,69,97,11.36,overcast clouds
602,Marienburg,PL,54.0359,19.0266,40.05,83,47,5.12,scattered clouds
603,Shahreza,IR,32.0339,51.8794,54.34,28,0,2.91,clear sky
604,Pell City,US,33.5862,-86.2861,60.24,97,40,0.0,mist
605,Trofors,NO,65.5333,13.4063,40.35,97,100,4.68,overcast clouds
606,Kazanskaya,RU,45.4106,40.4361,54.0,94,100,2.33,light rain
607,Itaituba,BR,-4.2761,-55.9836,74.86,95,99,1.86,overcast clouds
608,Wanning,CN,18.8003,110.3967,77.23,74,86,16.02,overcast clouds
609,Okhotsk,RU,59.3833,143.3,24.49,64,2,15.23,clear sky
610,Avera,US,33.194,-82.5271,58.71,65,2,2.59,clear sky
611,Kapchorwa,UG,1.3965,34.4509,59.11,73,27,5.55,scattered clouds
612,Warrington,GB,53.3925,-2.5802,53.71,78,100,8.99,overcast clouds
613,Divnomorskoye,RU,44.5011,38.1353,58.95,90,100,1.3,overcast clouds
614,Yangambi,CD,0.8102,24.4336,68.99,99,86,0.38,light rain
615,Gambela,ET,8.25,34.5833,69.37,65,12,5.01,few clouds
616,Aksu,CN,41.1231,80.2644,53.37,23,4,4.14,clear sky
617,Sibolga,ID,1.7427,98.7792,80.28,80,98,0.83,overcast clouds
618,La Sarre,CA,48.8002,-79.1996,32.58,90,94,3.62,overcast clouds
619,Neryungri,RU,56.6709,124.6491,36.27,70,100,2.55,overcast clouds
620,Sandviken,SE,60.6167,16.7667,35.44,87,100,5.75,overcast clouds
621,Pundaguitan,PH,6.3711,126.1689,83.93,69,100,4.63,overcast clouds
622,San Cristobal,VE,7.7669,-72.225,69.98,98,99,2.08,overcast clouds
623,Bad Freienwalde,DE,52.7873,14.0304,44.46,95,28,4.16,scattered clouds
624,Vaike-Maarja,EE,59.1264,26.25,31.71,82,94,7.67,overcast clouds
625,Adolfo Lopez Mateos,MX,28.4667,-107.3,47.64,58,0,4.07,clear sky
626,Ambon,ID,-3.6954,128.1814,82.54,74,40,5.75,moderate rain
627,Bairiki,KI,1.3292,172.9752,87.8,58,20,1.14,few clouds
628,Port Blair,IN,11.6667,92.75,84.24,89,40,5.75,scattered clouds
629,Lae,PG,-6.7221,146.9847,85.44,59,59,7.92,broken clouds
630,Mago,RU,53.2514,140.1822,42.28,70,39,4.23,scattered clouds
631,Yumen,CN,40.2833,97.2,48.76,27,83,1.25,broken clouds
632,Sohag,EG,26.557,31.6948,66.49,58,0,9.98,clear sky
633,Ocampo,MX,21.65,-101.5,59.79,66,100,3.04,overcast clouds
634,Qasigiannguit,GL,68.8193,-51.1922,10.85,95,98,4.92,overcast clouds
635,Necochea,AR,-38.5473,-58.7368,43.11,69,0,7.85,clear sky
636,Teluk Nibung,ID,3.001,99.8164,75.58,93,100,5.93,overcast clouds
637,Puerto Vallarta,MX,20.6204,-105.2307,83.91,85,100,1.99,overcast clouds
638,Middle Island,US,40.8843,-72.9373,54.9,80,90,1.01,overcast clouds
639,Jinchang,CN,38.4953,102.1739,52.3,48,75,4.36,broken clouds
640,Pangai,TO,-19.8,-174.35,75.31,64,75,21.85,broken clouds
641,Tokoroa,NZ,-38.2333,175.8667,56.59,90,100,4.5,overcast clouds
642,Seoul,KR,37.5683,126.9778,63.01,45,0,3.44,clear sky
643,Cozumel,MX,20.5083,-86.9458,82.0,87,52,4.0,broken clouds
644,Nipawin,CA,53.3668,-104.0009,28.44,93,20,4.61,few clouds
645,Millinocket,US,45.6573,-68.7098,42.4,74,99,6.08,overcast clouds
646,Semey,KZ,50.4111,80.2275,46.62,57,0,20.13,clear sky
647,Acobamba,PE,-11.3525,-75.6594,55.15,84,67,1.1,broken clouds
648,Luba,GQ,3.4568,8.5547,75.09,83,78,3.69,broken clouds
649,Hobyo,SO,5.3505,48.5268,79.95,76,8,10.74,clear sky
650,Porto Nacional,BR,-10.7081,-48.4172,77.0,87,96,2.37,overcast clouds
651,Kokologo,BF,12.1897,-1.8856,80.46,72,100,8.25,overcast clouds
652,Halifax,CA,44.6453,-63.5724,60.69,98,100,1.01,overcast clouds
653,Nyuksenitsa,RU,60.4128,44.2397,33.37,97,100,6.64,snow
654,Mikhaylovka,RU,50.06,43.2379,40.89,72,33,7.74,scattered clouds
655,Beloha,MG,-25.1667,45.05,73.09,66,0,3.22,clear sky
656,Intipuca,SV,13.1969,-88.0544,75.33,93,47,2.91,scattered clouds
657,Morehead,US,37.2711,-87.1764,56.91,97,75,0.0,broken clouds
658,Monrovia,LR,6.3005,-10.7969,75.97,89,95,3.91,light rain
659,Derbent,RU,42.0678,48.2899,57.78,76,0,6.02,clear sky
660,The Valley,AI,18.217,-63.0578,82.26,74,67,18.99,broken clouds
661,Jonesboro,US,35.8423,-90.7043,69.49,68,45,5.01,scattered clouds
662,Jiuquan,CN,39.7432,98.5174,49.66,25,32,4.09,scattered clouds
663,Curvelo,BR,-18.7564,-44.4308,71.33,73,2,5.95,clear sky
664,Lilienthal,DE,53.1657,8.9293,42.22,93,0,4.61,clear sky
665,Beachwood,US,41.4645,-81.5087,46.65,92,90,3.44,overcast clouds
666,Ashdod,IL,31.8167,34.65,67.8,70,0,2.3,clear sky
667,Zelenoborsk,RU,61.4669,64.0333,31.15,80,31,6.33,scattered clouds
668,Karratha,AU,-20.7377,116.8463,92.75,22,4,18.1,clear sky
669,Palmer,US,42.1584,-72.3287,50.04,73,90,0.0,overcast clouds
670,Vallenar,CL,-28.5708,-70.7581,60.1,57,0,3.09,clear sky
671,Houma,US,29.5958,-90.7195,77.0,87,100,8.01,overcast clouds
672,Dalvik,IS,65.9702,-18.5286,28.33,95,100,0.09,overcast clouds
673,Nago,JP,26.5881,127.9761,79.65,67,96,6.33,overcast clouds
674,Lingao,CN,19.9103,109.6859,73.42,75,89,9.86,light rain
675,Los Llanos De Aridane,ES,28.6585,-17.9182,64.13,77,75,5.99,broken clouds
676,Mocuba,MZ,-16.8392,36.9856,76.89,55,10,3.11,clear sky
677,Lienz,AT,46.8289,12.769,39.18,48,6,2.33,clear sky
678,Ourem,PT,39.6417,-8.5919,54.61,66,0,2.73,clear sky
679,Coquimbo,CL,-29.9533,-71.3436,55.13,76,0,0.0,clear sky
680,Honiara,SB,-9.4333,159.95,83.16,74,47,2.51,scattered clouds
681,Cabedelo,BR,-6.9811,-34.8339,79.47,76,32,10.83,scattered clouds
682,Kirakira,SB,-10.4544,161.9205,85.96,70,7,12.75,clear sky
683,Santa Marta,CO,11.2408,-74.199,78.85,89,75,3.44,broken clouds
684,San Jose,US,37.3394,-121.895,62.96,71,90,1.01,overcast clouds
685,Logresti,RO,44.9,23.7,42.67,62,2,2.17,clear sky
686,Ixtapa,MX,20.7,-105.2,83.23,85,100,1.99,overcast clouds
687,Chapleau,CA,47.8405,-83.4034,33.44,98,100,3.36,overcast clouds
688,Moravsky Beroun,CZ,49.7937,17.4421,37.98,86,5,5.01,clear sky
689,Stornoway,GB,58.2093,-6.3865,53.56,94,20,9.22,few clouds
690,Corinto,GR,37.9407,22.9573,66.45,77,59,4.21,broken clouds
691,Mogadishu,SO,2.0371,45.3438,80.17,78,12,11.23,few clouds
692,Tarnalelesz,HU,48.05,20.1833,37.09,80,2,1.43,clear sky
693,Galesong,ID,-5.3166,119.3661,87.82,62,49,5.97,scattered clouds
694,The Pas,CA,53.8251,-101.2541,37.42,87,90,8.05,overcast clouds
